"genes","task_id","curr_size","top_cluster_gr40","glm_coef_gr40","seed_number"
"AATK",4,40,"NoSig",0,989
"ABL1",4,40,"NoSig",0,989
"ABL2",4,40,"NoSig",0,989
"ACACB",4,40,"NoSig",0,989
"ACE",4,40,"NoSig",0,989
"ACKR1",4,40,"NoSig",0,989
"ACKR3",4,40,"NoSig",0,989
"ACKR4",4,40,"NoSig",0,989
"ACP5",4,40,"NoSig",0,989
"ACTA2",4,40,"c6",4.7624973306538,989
"ACTG2",4,40,"NoSig",0,989
"ACVR1",4,40,"NoSig",0,989
"ACVR1B",4,40,"NoSig",0,989
"ACVR2A",4,40,"NoSig",0,989
"ACVRL1",4,40,"NoSig",0,989
"ADGRA2",4,40,"NoSig",0,989
"ADGRA3",4,40,"NoSig",0,989
"ADGRE2",4,40,"NoSig",0,989
"ADGRE5",4,40,"NoSig",0,989
"ADGRF1",4,40,"NoSig",0,989
"ADGRF3",4,40,"NoSig",0,989
"ADGRF5",4,40,"NoSig",0,989
"ADGRG1",4,40,"NoSig",0,989
"ADGRG3",4,40,"NoSig",0,989
"ADGRG5",4,40,"NoSig",0,989
"ADGRG6",4,40,"NoSig",0,989
"ADGRL1",4,40,"NoSig",0,989
"ADGRL2",4,40,"NoSig",0,989
"ADGRL4",4,40,"NoSig",0,989
"ADGRV1",4,40,"NoSig",0,989
"ADIPOQ",4,40,"NoSig",0,989
"ADIRF",4,40,"NoSig",0,989
"ADM2",4,40,"NoSig",0,989
"AGR2",4,40,"NoSig",0,989
"AHI1",4,40,"NoSig",0,989
"AHR",4,40,"NoSig",0,989
"AIF1",4,40,"c3",0.710208413321211,989
"AKT1",4,40,"NoSig",0,989
"ALCAM",4,40,"NoSig",0,989
"ALOX5AP",4,40,"NoSig",0,989
"ANGPT1",4,40,"NoSig",0,989
"ANGPT2",4,40,"NoSig",0,989
"ANGPTL1",4,40,"NoSig",0,989
"ANKRD1",4,40,"NoSig",0,989
"ANXA1",4,40,"c3",1.2983735439316,989
"ANXA2",4,40,"NoSig",0,989
"ANXA4",4,40,"NoSig",0,989
"APOA1",4,40,"NoSig",0,989
"APOC1",4,40,"NoSig",0,989
"APOD",4,40,"NoSig",0,989
"APOE",4,40,"NoSig",0,989
"APP",4,40,"NoSig",0,989
"AQP3",4,40,"NoSig",0,989
"AR",4,40,"NoSig",0,989
"AREG",4,40,"NoSig",0,989
"ARF1",4,40,"NoSig",0,989
"ARG1",4,40,"c10",0.438395322676068,989
"ARHGDIB",4,40,"NoSig",0,989
"ARID5B",4,40,"NoSig",0,989
"ATF3",4,40,"NoSig",0,989
"ATG10",4,40,"NoSig",0,989
"ATG12",4,40,"NoSig",0,989
"ATG5",4,40,"NoSig",0,989
"ATM",4,40,"NoSig",0,989
"ATP5F1B",4,40,"NoSig",0,989
"ATP5F1E",4,40,"NoSig",0,989
"ATR",4,40,"NoSig",0,989
"AXL",4,40,"NoSig",0,989
"AZGP1",4,40,"c10",3.26350555242997,989
"AZU1",4,40,"NoSig",0,989
"B2M",4,40,"NoSig",0,989
"B3GNT7",4,40,"NoSig",0,989
"BAG3",4,40,"NoSig",0,989
"BASP1",4,40,"c3",0.499503886298622,989
"BAX",4,40,"NoSig",0,989
"BBLN",4,40,"NoSig",0,989
"BCL2",4,40,"NoSig",0,989
"BCL2L1",4,40,"NoSig",0,989
"BECN1",4,40,"NoSig",0,989
"BEST1",4,40,"NoSig",0,989
"BGN",4,40,"c6",6.43503874522229,989
"BID",4,40,"NoSig",0,989
"BIRC3",4,40,"NoSig",0,989
"BIRC5",4,40,"NoSig",0,989
"BMP1",4,40,"NoSig",0,989
"BMP2",4,40,"NoSig",0,989
"BMP3",4,40,"NoSig",0,989
"BMP4",4,40,"NoSig",0,989
"BMP5",4,40,"NoSig",0,989
"BMP7",4,40,"NoSig",0,989
"BMPR1A",4,40,"NoSig",0,989
"BMPR2",4,40,"NoSig",0,989
"BRAF",4,40,"NoSig",0,989
"BRCA1",4,40,"NoSig",0,989
"BST1",4,40,"NoSig",0,989
"BST2",4,40,"NoSig",0,989
"BTF3",4,40,"NoSig",0,989
"BTG1",4,40,"NoSig",0,989
"BTK",4,40,"NoSig",0,989
"C11orf96",4,40,"c6",2.07866633233064,989
"C1QA",4,40,"c3",2.39339116421217,989
"C1QB",4,40,"c3",3.63969328300795,989
"C1QC",4,40,"c3",3.38781260367135,989
"C5AR2",4,40,"NoSig",0,989
"CACNA1C",4,40,"NoSig",0,989
"CALB1",4,40,"NoSig",0,989
"CALD1",4,40,"NoSig",0,989
"CALM1",4,40,"NoSig",0,989
"CALM2",4,40,"NoSig",0,989
"CALM3",4,40,"NoSig",0,989
"CAMP",4,40,"NoSig",0,989
"CARMN",4,40,"NoSig",0,989
"CASP3",4,40,"NoSig",0,989
"CASP8",4,40,"NoSig",0,989
"CASR",4,40,"NoSig",0,989
"CAV1",4,40,"NoSig",0,989
"CCDC80",4,40,"c2",0.186617141687941,989
"CCL11",4,40,"NoSig",0,989
"CCL13",4,40,"NoSig",0,989
"CCL15",4,40,"NoSig",0,989
"CCL17",4,40,"NoSig",0,989
"CCL18",4,40,"NoSig",0,989
"CCL19",4,40,"NoSig",0,989
"CCL2",4,40,"NoSig",0,989
"CCL20",4,40,"NoSig",0,989
"CCL21",4,40,"NoSig",0,989
"CCL22",4,40,"NoSig",0,989
"CCL26",4,40,"NoSig",0,989
"CCL28",4,40,"NoSig",0,989
"CCL3",4,40,"NoSig",0,989
"CCL4",4,40,"NoSig",0,989
"CCL5",4,40,"NoSig",0,989
"CCL8",4,40,"NoSig",0,989
"CCND1",4,40,"NoSig",0,989
"CCR1",4,40,"NoSig",0,989
"CCR10",4,40,"NoSig",0,989
"CCR2",4,40,"NoSig",0,989
"CCR5",4,40,"NoSig",0,989
"CCR7",4,40,"NoSig",0,989
"CCRL2",4,40,"NoSig",0,989
"CD14",4,40,"c10",1.79737105459701,989
"CD163",4,40,"c3",1.02778105996052,989
"CD164",4,40,"NoSig",0,989
"CD19",4,40,"NoSig",0,989
"CD1C",4,40,"NoSig",0,989
"CD2",4,40,"NoSig",0,989
"CD209",4,40,"NoSig",0,989
"CD22",4,40,"NoSig",0,989
"CD24",4,40,"NoSig",0,989
"CD27",4,40,"NoSig",0,989
"CD274",4,40,"NoSig",0,989
"CD276",4,40,"NoSig",0,989
"CD28",4,40,"NoSig",0,989
"CD300A",4,40,"NoSig",0,989
"CD33",4,40,"NoSig",0,989
"CD34",4,40,"NoSig",0,989
"CD36",4,40,"NoSig",0,989
"CD37",4,40,"NoSig",0,989
"CD38",4,40,"NoSig",0,989
"CD3D",4,40,"NoSig",0,989
"CD3E",4,40,"c4",0.252693168517668,989
"CD3G",4,40,"NoSig",0,989
"CD4",4,40,"c3",0.620070111724172,989
"CD40",4,40,"NoSig",0,989
"CD40LG",4,40,"NoSig",0,989
"CD44",4,40,"c2",1.5749214903106,989
"CD47",4,40,"NoSig",0,989
"CD48",4,40,"NoSig",0,989
"CD52",4,40,"NoSig",0,989
"CD53",4,40,"c3",0.596638121798343,989
"CD55",4,40,"NoSig",0,989
"CD58",4,40,"NoSig",0,989
"CD59",4,40,"NoSig",0,989
"CD5L",4,40,"NoSig",0,989
"CD63",4,40,"NoSig",0,989
"CD68",4,40,"c2",1.13012046584551,989
"CD69",4,40,"c4",0.552995515027724,989
"CD70",4,40,"NoSig",0,989
"CD74",4,40,"NoSig",0,989
"CD79A",4,40,"NoSig",0,989
"CD80",4,40,"NoSig",0,989
"CD81",4,40,"NoSig",0,989
"CD83",4,40,"NoSig",0,989
"CD84",4,40,"NoSig",0,989
"CD86",4,40,"NoSig",0,989
"CD8A",4,40,"NoSig",0,989
"CD8B",4,40,"NoSig",0,989
"CD9",4,40,"NoSig",0,989
"CD93",4,40,"NoSig",0,989
"CDH1",4,40,"NoSig",0,989
"CDH11",4,40,"NoSig",0,989
"CDH19",4,40,"NoSig",0,989
"CDH5",4,40,"NoSig",0,989
"CDKN1A",4,40,"NoSig",0,989
"CDKN3",4,40,"NoSig",0,989
"CEACAM1",4,40,"NoSig",0,989
"CEACAM6",4,40,"NoSig",0,989
"CELSR1",4,40,"NoSig",0,989
"CELSR2",4,40,"NoSig",0,989
"CENPF",4,40,"NoSig",0,989
"CFD",4,40,"NoSig",0,989
"CFLAR",4,40,"NoSig",0,989
"CHEK1",4,40,"NoSig",0,989
"CHEK2",4,40,"NoSig",0,989
"CHI3L1",4,40,"NoSig",0,989
"CIDEA",4,40,"NoSig",0,989
"CIITA",4,40,"NoSig",0,989
"CLCF1",4,40,"NoSig",0,989
"CLDN4",4,40,"NoSig",0,989
"CLEC10A",4,40,"NoSig",0,989
"CLEC12A",4,40,"NoSig",0,989
"CLEC14A",4,40,"NoSig",0,989
"CLEC1A",4,40,"NoSig",0,989
"CLEC2B",4,40,"NoSig",0,989
"CLEC2D",4,40,"NoSig",0,989
"CLEC4A",4,40,"NoSig",0,989
"CLEC4D",4,40,"NoSig",0,989
"CLEC4E",4,40,"NoSig",0,989
"CLEC5A",4,40,"NoSig",0,989
"CLEC7A",4,40,"NoSig",0,989
"CLOCK",4,40,"NoSig",0,989
"CLU",4,40,"NoSig",0,989
"CMKLR1",4,40,"NoSig",0,989
"CNTFR",4,40,"NoSig",0,989
"COL11A1",4,40,"NoSig",0,989
"COL12A1",4,40,"NoSig",0,989
"COL14A1",4,40,"NoSig",0,989
"COL15A1",4,40,"NoSig",0,989
"COL16A1",4,40,"NoSig",0,989
"COL17A1",4,40,"NoSig",0,989
"COL18A1",4,40,"c1",0.46239124485955,989
"COL1A1",4,40,"c6",7.99769418993279,989
"COL1A2",4,40,"c6",2.52515729578693,989
"COL21A1",4,40,"NoSig",0,989
"COL27A1",4,40,"NoSig",0,989
"COL3A1",4,40,"NoSig",0,989
"COL4A1",4,40,"c6",2.74383837331535,989
"COL4A2",4,40,"c6",2.0007737348503,989
"COL4A5",4,40,"NoSig",0,989
"COL5A1",4,40,"c6",0.905046642869281,989
"COL5A2",4,40,"NoSig",0,989
"COL5A3",4,40,"NoSig",0,989
"COL6A1",4,40,"NoSig",0,989
"COL6A2",4,40,"c3",0.919976369820943,989
"COL6A3",4,40,"NoSig",0,989
"COL8A1",4,40,"NoSig",0,989
"COL9A2",4,40,"c2",0.975663281790664,989
"COL9A3",4,40,"NoSig",0,989
"COTL1",4,40,"c3",1.99170483204018,989
"COX4I2",4,40,"NoSig",0,989
"CPA3",4,40,"NoSig",0,989
"CPB1",4,40,"NoSig",0,989
"CRIP1",4,40,"c3",0.822210601951827,989
"CRP",4,40,"c10",8.61187580625307,989
"CRYAB",4,40,"c2",4.49322787327929,989
"CSF1",4,40,"NoSig",0,989
"CSF1R",4,40,"c3",0.766337061922839,989
"CSF2",4,40,"NoSig",0,989
"CSF2RA",4,40,"NoSig",0,989
"CSF2RB",4,40,"NoSig",0,989
"CSF3",4,40,"NoSig",0,989
"CSF3R",4,40,"NoSig",0,989
"CSHL1",4,40,"NoSig",0,989
"CSK",4,40,"NoSig",0,989
"CSPG4",4,40,"NoSig",0,989
"CST7",4,40,"NoSig",0,989
"CSTB",4,40,"NoSig",0,989
"CTLA4",4,40,"NoSig",0,989
"CTNNB1",4,40,"NoSig",0,989
"CTSD",4,40,"NoSig",0,989
"CTSG",4,40,"NoSig",0,989
"CTSW",4,40,"NoSig",0,989
"CUZD1",4,40,"NoSig",0,989
"CX3CL1",4,40,"NoSig",0,989
"CX3CR1",4,40,"NoSig",0,989
"CXCL1",4,40,"NoSig",0,989
"CXCL10",4,40,"NoSig",0,989
"CXCL12",4,40,"c10",1.54970697315088,989
"CXCL13",4,40,"c4",0.483987087316149,989
"CXCL14",4,40,"NoSig",0,989
"CXCL16",4,40,"NoSig",0,989
"CXCL17",4,40,"NoSig",0,989
"CXCL5",4,40,"NoSig",0,989
"CXCL8",4,40,"NoSig",0,989
"CXCL9",4,40,"NoSig",0,989
"CXCR1",4,40,"NoSig",0,989
"CXCR2",4,40,"NoSig",0,989
"CXCR3",4,40,"NoSig",0,989
"CXCR4",4,40,"c4",1.89106909114046,989
"CXCR5",4,40,"NoSig",0,989
"CXCR6",4,40,"NoSig",0,989
"CYP1B1",4,40,"NoSig",0,989
"CYP2U1",4,40,"NoSig",0,989
"CYSTM1",4,40,"NoSig",0,989
"CYTOR",4,40,"NoSig",0,989
"DCN",4,40,"c6",1.45525412987089,989
"DDC",4,40,"NoSig",0,989
"DDIT3",4,40,"NoSig",0,989
"DDR1",4,40,"NoSig",0,989
"DDR2",4,40,"NoSig",0,989
"DDX58",4,40,"NoSig",0,989
"DHRS2",4,40,"NoSig",0,989
"DLL1",4,40,"NoSig",0,989
"DLL4",4,40,"NoSig",0,989
"DMBT1",4,40,"NoSig",0,989
"DNMT1",4,40,"NoSig",0,989
"DNMT3A",4,40,"NoSig",0,989
"DPP4",4,40,"NoSig",0,989
"DPT",4,40,"NoSig",0,989
"DST",4,40,"NoSig",0,989
"DUSP1",4,40,"c2",2.19281926645055,989
"DUSP2",4,40,"NoSig",0,989
"DUSP4",4,40,"NoSig",0,989
"DUSP5",4,40,"NoSig",0,989
"DUSP6",4,40,"NoSig",0,989
"EFNA1",4,40,"c2",3.56125039246646,989
"EFNA4",4,40,"NoSig",0,989
"EFNA5",4,40,"NoSig",0,989
"EFNB1",4,40,"NoSig",0,989
"EFNB2",4,40,"NoSig",0,989
"EGF",4,40,"NoSig",0,989
"EGFR",4,40,"NoSig",0,989
"EIF5A",4,40,"NoSig",0,989
"ELANE",4,40,"NoSig",0,989
"EMP3",4,40,"NoSig",0,989
"ENG",4,40,"NoSig",0,989
"ENO1",4,40,"c2",29.3568499923744,989
"ENTPD1",4,40,"NoSig",0,989
"EOMES",4,40,"NoSig",0,989
"EPCAM",4,40,"NoSig",0,989
"EPHA2",4,40,"NoSig",0,989
"EPHA3",4,40,"NoSig",0,989
"EPHA4",4,40,"NoSig",0,989
"EPHA7",4,40,"NoSig",0,989
"EPHB2",4,40,"NoSig",0,989
"EPHB3",4,40,"NoSig",0,989
"EPHB4",4,40,"NoSig",0,989
"EPHB6",4,40,"NoSig",0,989
"EPOR",4,40,"NoSig",0,989
"ERBB2",4,40,"NoSig",0,989
"ERBB3",4,40,"NoSig",0,989
"ESAM",4,40,"NoSig",0,989
"ESR1",4,40,"NoSig",0,989
"ETS1",4,40,"c4",1.02678525290742,989
"ETV4",4,40,"NoSig",0,989
"ETV5",4,40,"NoSig",0,989
"EZH2",4,40,"NoSig",0,989
"EZR",4,40,"NoSig",0,989
"FABP4",4,40,"NoSig",0,989
"FABP5",4,40,"NoSig",0,989
"FAM30A",4,40,"NoSig",0,989
"FAP",4,40,"NoSig",0,989
"FAS",4,40,"NoSig",0,989
"FASLG",4,40,"NoSig",0,989
"FASN",4,40,"NoSig",0,989
"FAU",4,40,"NoSig",0,989
"FCER1G",4,40,"c3",0.651311216460411,989
"FCGBP",4,40,"NoSig",0,989
"FCGR3A",4,40,"c3",1.10482270827036,989
"FCRLA",4,40,"NoSig",0,989
"FES",4,40,"NoSig",0,989
"FFAR2",4,40,"NoSig",0,989
"FFAR3",4,40,"NoSig",0,989
"FFAR4",4,40,"NoSig",0,989
"FGF1",4,40,"NoSig",0,989
"FGF12",4,40,"NoSig",0,989
"FGF13",4,40,"NoSig",0,989
"FGF18",4,40,"NoSig",0,989
"FGF2",4,40,"NoSig",0,989
"FGF7",4,40,"NoSig",0,989
"FGF9",4,40,"NoSig",0,989
"FGFR1",4,40,"NoSig",0,989
"FGFR2",4,40,"NoSig",0,989
"FGFR3",4,40,"NoSig",0,989
"FGG",4,40,"NoSig",0,989
"FGR",4,40,"NoSig",0,989
"FHIT",4,40,"NoSig",0,989
"FKBP11",4,40,"NoSig",0,989
"FKBP5",4,40,"NoSig",0,989
"FLT1",4,40,"NoSig",0,989
"FLT3LG",4,40,"NoSig",0,989
"FN1",4,40,"NoSig",0,989
"FOS",4,40,"c2",0.29029132826467,989
"FOXF1",4,40,"NoSig",0,989
"FOXP3",4,40,"NoSig",0,989
"FPR1",4,40,"NoSig",0,989
"FYB1",4,40,"NoSig",0,989
"FYN",4,40,"NoSig",0,989
"FZD1",4,40,"NoSig",0,989
"FZD3",4,40,"NoSig",0,989
"FZD4",4,40,"NoSig",0,989
"FZD5",4,40,"NoSig",0,989
"FZD6",4,40,"NoSig",0,989
"FZD7",4,40,"NoSig",0,989
"FZD8",4,40,"NoSig",0,989
"G0S2",4,40,"NoSig",0,989
"G6PD",4,40,"NoSig",0,989
"GADD45B",4,40,"c2",0.872070945916239,989
"GAS6",4,40,"c2",0.129184876529203,989
"GATA3",4,40,"NoSig",0,989
"GC",4,40,"NoSig",0,989
"GCG",4,40,"NoSig",0,989
"GDF15",4,40,"NoSig",0,989
"GLUD1",4,40,"NoSig",0,989
"GLUL",4,40,"NoSig",0,989
"GNLY",4,40,"NoSig",0,989
"GPBAR1",4,40,"NoSig",0,989
"GPER1",4,40,"NoSig",0,989
"GPNMB",4,40,"c3",1.11309519232454,989
"GPR183",4,40,"NoSig",0,989
"GPX1",4,40,"NoSig",0,989
"GPX3",4,40,"NoSig",0,989
"GSK3B",4,40,"NoSig",0,989
"GSN",4,40,"c2",1.09759442716046,989
"GSTP1",4,40,"NoSig",0,989
"GZMA",4,40,"NoSig",0,989
"GZMB",4,40,"NoSig",0,989
"GZMH",4,40,"NoSig",0,989
"GZMK",4,40,"NoSig",0,989
"H2AZ1",4,40,"NoSig",0,989
"H4C3",4,40,"NoSig",0,989
"HAVCR2",4,40,"NoSig",0,989
"HBA1",4,40,"NoSig",0,989
"HBB",4,40,"NoSig",0,989
"HCAR2",4,40,"NoSig",0,989
"HCK",4,40,"NoSig",0,989
"HCST",4,40,"NoSig",0,989
"HDAC1",4,40,"NoSig",0,989
"HDAC11",4,40,"NoSig",0,989
"HDAC3",4,40,"NoSig",0,989
"HDAC4",4,40,"NoSig",0,989
"HDAC5",4,40,"NoSig",0,989
"HEXB",4,40,"NoSig",0,989
"HEY1",4,40,"NoSig",0,989
"HGF",4,40,"NoSig",0,989
"HIF1A",4,40,"NoSig",0,989
"HILPDA",4,40,"c2",0.541003323634082,989
"HLA-A",4,40,"NoSig",0,989
"HLA-DPA1",4,40,"NoSig",0,989
"HLA-DPB1",4,40,"NoSig",0,989
"HLA-DQA1",4,40,"c3",3.86885658137405,989
"HLA-DQB1",4,40,"NoSig",0,989
"HLA-DRA",4,40,"NoSig",0,989
"HLA-DRB1",4,40,"NoSig",0,989
"HMGB2",4,40,"NoSig",0,989
"HMGCS1",4,40,"NoSig",0,989
"HMGN2",4,40,"NoSig",0,989
"HPGDS",4,40,"NoSig",0,989
"HSD17B2",4,40,"NoSig",0,989
"HSP90AA1",4,40,"NoSig",0,989
"HSP90AB1",4,40,"NoSig",0,989
"HSP90B1",4,40,"NoSig",0,989
"HSPA1A",4,40,"c2",2.36167054440315,989
"HSPB1",4,40,"NoSig",0,989
"HSPG2",4,40,"NoSig",0,989
"HTT",4,40,"NoSig",0,989
"IAPP",4,40,"NoSig",0,989
"ICA1",4,40,"NoSig",0,989
"ICAM1",4,40,"c3",0.326900015132455,989
"ICAM2",4,40,"NoSig",0,989
"ICAM3",4,40,"NoSig",0,989
"ICOS",4,40,"NoSig",0,989
"ICOSLG",4,40,"NoSig",0,989
"IDO1",4,40,"NoSig",0,989
"IER3",4,40,"NoSig",0,989
"IFI27",4,40,"NoSig",0,989
"IFI44L",4,40,"NoSig",0,989
"IFI6",4,40,"NoSig",0,989
"IFIH1",4,40,"NoSig",0,989
"IFIT1",4,40,"NoSig",0,989
"IFIT3",4,40,"NoSig",0,989
"IFITM1",4,40,"c3",1.61171661749963,989
"IFITM3",4,40,"NoSig",0,989
"IFNA1",4,40,"NoSig",0,989
"IFNAR1",4,40,"NoSig",0,989
"IFNAR2",4,40,"NoSig",0,989
"IFNG",4,40,"NoSig",0,989
"IFNGR1",4,40,"NoSig",0,989
"IFNGR2",4,40,"NoSig",0,989
"IFNL3",4,40,"NoSig",0,989
"IGF1",4,40,"NoSig",0,989
"IGF1R",4,40,"NoSig",0,989
"IGF2",4,40,"c10",0.79608071782637,989
"IGF2R",4,40,"NoSig",0,989
"IGFBP3",4,40,"c2",2.95429037360333,989
"IGFBP5",4,40,"c2",3.39140515456365,989
"IGFBP6",4,40,"NoSig",0,989
"IGFBP7",4,40,"c6",8.92698274834365,989
"IGHA1",4,40,"c7",4.47980095077134,989
"IGHD",4,40,"NoSig",0,989
"IGHG1",4,40,"c7",11.268767831639,989
"IGHG2",4,40,"c7",5.56422961893505,989
"IGHM",4,40,"c7",22.5217142664287,989
"IGKC",4,40,"c7",13.0344367862372,989
"IKZF3",4,40,"c4",0.336744416418163,989
"IL10",4,40,"NoSig",0,989
"IL10RA",4,40,"NoSig",0,989
"IL10RB",4,40,"NoSig",0,989
"IL11",4,40,"NoSig",0,989
"IL11RA",4,40,"NoSig",0,989
"IL12A",4,40,"NoSig",0,989
"IL12B",4,40,"NoSig",0,989
"IL12RB1",4,40,"NoSig",0,989
"IL12RB2",4,40,"NoSig",0,989
"IL13RA1",4,40,"NoSig",0,989
"IL15",4,40,"NoSig",0,989
"IL15RA",4,40,"NoSig",0,989
"IL16",4,40,"NoSig",0,989
"IL17A",4,40,"NoSig",0,989
"IL17B",4,40,"NoSig",0,989
"IL17D",4,40,"NoSig",0,989
"IL17RA",4,40,"NoSig",0,989
"IL17RB",4,40,"NoSig",0,989
"IL17RE",4,40,"NoSig",0,989
"IL18",4,40,"NoSig",0,989
"IL18R1",4,40,"NoSig",0,989
"IL1A",4,40,"NoSig",0,989
"IL1B",4,40,"NoSig",0,989
"IL1R1",4,40,"NoSig",0,989
"IL1R2",4,40,"NoSig",0,989
"IL1RAP",4,40,"c1",0.163942833282169,989
"IL1RL1",4,40,"NoSig",0,989
"IL1RN",4,40,"NoSig",0,989
"IL2",4,40,"NoSig",0,989
"IL20",4,40,"NoSig",0,989
"IL20RA",4,40,"NoSig",0,989
"IL22RA1",4,40,"NoSig",0,989
"IL23A",4,40,"NoSig",0,989
"IL24",4,40,"NoSig",0,989
"IL27RA",4,40,"NoSig",0,989
"IL2RA",4,40,"NoSig",0,989
"IL2RB",4,40,"NoSig",0,989
"IL2RG",4,40,"NoSig",0,989
"IL32",4,40,"NoSig",0,989
"IL33",4,40,"NoSig",0,989
"IL34",4,40,"NoSig",0,989
"IL36G",4,40,"NoSig",0,989
"IL3RA",4,40,"NoSig",0,989
"IL4R",4,40,"NoSig",0,989
"IL6",4,40,"NoSig",0,989
"IL6R",4,40,"NoSig",0,989
"IL6ST",4,40,"NoSig",0,989
"IL7",4,40,"NoSig",0,989
"IL7R",4,40,"c4",1.17783542640314,989
"INHA",4,40,"NoSig",0,989
"INHBA",4,40,"c2",0.174363780890674,989
"INHBB",4,40,"NoSig",0,989
"INS",4,40,"NoSig",0,989
"INSIG1",4,40,"c10",1.69020296829186,989
"INSR",4,40,"NoSig",0,989
"IRF3",4,40,"NoSig",0,989
"IRF4",4,40,"NoSig",0,989
"ISG15",4,40,"NoSig",0,989
"ITGA1",4,40,"NoSig",0,989
"ITGA2",4,40,"NoSig",0,989
"ITGA3",4,40,"c2",0.157833620124063,989
"ITGA5",4,40,"c2",0.941183535620361,989
"ITGA6",4,40,"NoSig",0,989
"ITGA8",4,40,"NoSig",0,989
"ITGA9",4,40,"NoSig",0,989
"ITGAE",4,40,"NoSig",0,989
"ITGAL",4,40,"NoSig",0,989
"ITGAM",4,40,"NoSig",0,989
"ITGAV",4,40,"NoSig",0,989
"ITGAX",4,40,"c3",0.584228928336673,989
"ITGB1",4,40,"NoSig",0,989
"ITGB2",4,40,"c3",1.08795211308494,989
"ITGB4",4,40,"NoSig",0,989
"ITGB5",4,40,"NoSig",0,989
"ITGB6",4,40,"NoSig",0,989
"ITGB8",4,40,"NoSig",0,989
"ITK",4,40,"NoSig",0,989
"ITM2A",4,40,"NoSig",0,989
"ITM2B",4,40,"NoSig",0,989
"JAG1",4,40,"NoSig",0,989
"JAK1",4,40,"NoSig",0,989
"JAK2",4,40,"NoSig",0,989
"JCHAIN",4,40,"c7",3.86713738127375,989
"JUN",4,40,"c2",4.08343715706736,989
"JUNB",4,40,"c3",1.99325083082044,989
"KDR",4,40,"NoSig",0,989
"KIT",4,40,"NoSig",0,989
"KITLG",4,40,"NoSig",0,989
"KLF2",4,40,"c5",0.601831058850351,989
"KLK3",4,40,"NoSig",0,989
"KLRB1",4,40,"NoSig",0,989
"KLRF1",4,40,"NoSig",0,989
"KLRK1",4,40,"NoSig",0,989
"KRAS",4,40,"NoSig",0,989
"KRT1",4,40,"NoSig",0,989
"KRT10",4,40,"NoSig",0,989
"KRT13",4,40,"NoSig",0,989
"KRT14",4,40,"NoSig",0,989
"KRT15",4,40,"NoSig",0,989
"KRT16",4,40,"NoSig",0,989
"KRT17",4,40,"NoSig",0,989
"KRT18",4,40,"NoSig",0,989
"KRT19",4,40,"NoSig",0,989
"KRT20",4,40,"NoSig",0,989
"KRT23",4,40,"NoSig",0,989
"KRT4",4,40,"NoSig",0,989
"KRT5",4,40,"NoSig",0,989
"KRT6A",4,40,"NoSig",0,989
"KRT7",4,40,"NoSig",0,989
"KRT8",4,40,"NoSig",0,989
"KRT80",4,40,"NoSig",0,989
"KRT86",4,40,"NoSig",0,989
"LAG3",4,40,"NoSig",0,989
"LAIR1",4,40,"NoSig",0,989
"LAMA4",4,40,"NoSig",0,989
"LAMP2",4,40,"NoSig",0,989
"LAMP3",4,40,"NoSig",0,989
"LCN2",4,40,"NoSig",0,989
"LDB2",4,40,"NoSig",0,989
"LDHA",4,40,"c2",3.67474652816846,989
"LDLR",4,40,"NoSig",0,989
"LEFTY1",4,40,"NoSig",0,989
"LEP",4,40,"NoSig",0,989
"LGALS1",4,40,"c2",2.48127798187309,989
"LGALS3",4,40,"c2",1.54873919010863,989
"LGALS3BP",4,40,"NoSig",0,989
"LGALS9",4,40,"NoSig",0,989
"LGR5",4,40,"NoSig",0,989
"LIF",4,40,"NoSig",0,989
"LIFR",4,40,"NoSig",0,989
"LINC01781",4,40,"NoSig",0,989
"LINC01857",4,40,"NoSig",0,989
"LINC02446",4,40,"NoSig",0,989
"LMNA",4,40,"NoSig",0,989
"LPAR5",4,40,"NoSig",0,989
"LTB",4,40,"NoSig",0,989
"LTBR",4,40,"NoSig",0,989
"LTF",4,40,"NoSig",0,989
"LUM",4,40,"NoSig",0,989
"LY6D",4,40,"NoSig",0,989
"LY75",4,40,"NoSig",0,989
"LYN",4,40,"NoSig",0,989
"LYVE1",4,40,"NoSig",0,989
"LYZ",4,40,"c3",8.43071538393341,989
"MAF",4,40,"NoSig",0,989
"MALAT1",4,40,"NoSig",0,989
"MAML2",4,40,"NoSig",0,989
"MAP1LC3B",4,40,"NoSig",0,989
"MAP2K1",4,40,"NoSig",0,989
"MAPK13",4,40,"NoSig",0,989
"MAPK14",4,40,"NoSig",0,989
"MARCKSL1",4,40,"NoSig",0,989
"MARCO",4,40,"NoSig",0,989
"MB",4,40,"c2",0.258810708322624,989
"MECOM",4,40,"NoSig",0,989
"MEG3",4,40,"NoSig",0,989
"MERTK",4,40,"NoSig",0,989
"MET",4,40,"NoSig",0,989
"MFAP5",4,40,"NoSig",0,989
"MGP",4,40,"c6",3.7131874259573,989
"MIF",4,40,"c2",19.0153483022535,989
"MIR4435-2HG",4,40,"NoSig",0,989
"MKI67",4,40,"NoSig",0,989
"MMP1",4,40,"NoSig",0,989
"MMP12",4,40,"NoSig",0,989
"MMP14",4,40,"NoSig",0,989
"MMP19",4,40,"NoSig",0,989
"MMP2",4,40,"NoSig",0,989
"MMP7",4,40,"c3",0.734961076649544,989
"MMP9",4,40,"NoSig",0,989
"MPO",4,40,"NoSig",0,989
"MRC1",4,40,"NoSig",0,989
"MRC2",4,40,"NoSig",0,989
"MS4A1",4,40,"NoSig",0,989
"MS4A4A",4,40,"c3",0.356372128540623,989
"MS4A6A",4,40,"c3",1.35418249947128,989
"MSMB",4,40,"NoSig",0,989
"MSR1",4,40,"c3",0.920089419255916,989
"MST1R",4,40,"NoSig",0,989
"MT1X",4,40,"c10",4.30720214663131,989
"MT2A",4,40,"c10",28.6212475313757,989
"MTOR",4,40,"NoSig",0,989
"MX1",4,40,"NoSig",0,989
"MXRA8",4,40,"NoSig",0,989
"MYC",4,40,"NoSig",0,989
"MYH11",4,40,"NoSig",0,989
"MYH6",4,40,"NoSig",0,989
"MYL12A",4,40,"NoSig",0,989
"MYL4",4,40,"NoSig",0,989
"MYL7",4,40,"NoSig",0,989
"MYL9",4,40,"NoSig",0,989
"MZB1",4,40,"NoSig",0,989
"MZT2A",4,40,"NoSig",0,989
"NACA",4,40,"NoSig",0,989
"NANOG",4,40,"NoSig",0,989
"NCAM1",4,40,"NoSig",0,989
"NCR1",4,40,"NoSig",0,989
"NDRG1",4,40,"c2",16.4262734647344,989
"NDUFA4L2",4,40,"c2",4.79520330537175,989
"NEAT1",4,40,"NoSig",0,989
"NELL2",4,40,"NoSig",0,989
"NFKB1",4,40,"NoSig",0,989
"NFKBIA",4,40,"NoSig",0,989
"NGFR",4,40,"NoSig",0,989
"NKG7",4,40,"NoSig",0,989
"NLRC4",4,40,"NoSig",0,989
"NLRC5",4,40,"NoSig",0,989
"NLRP1",4,40,"NoSig",0,989
"NLRP2",4,40,"NoSig",0,989
"NLRP3",4,40,"NoSig",0,989
"NOD2",4,40,"NoSig",0,989
"NOSIP",4,40,"NoSig",0,989
"NOTCH1",4,40,"c1",0.177149676283793,989
"NOTCH2",4,40,"NoSig",0,989
"NOTCH3",4,40,"c5",1.26809343521533,989
"NPPC",4,40,"NoSig",0,989
"NPR1",4,40,"NoSig",0,989
"NPR2",4,40,"NoSig",0,989
"NPR3",4,40,"NoSig",0,989
"NR1H2",4,40,"NoSig",0,989
"NR1H3",4,40,"NoSig",0,989
"NR2F2",4,40,"NoSig",0,989
"NR3C1",4,40,"NoSig",0,989
"NRG1",4,40,"NoSig",0,989
"NRXN1",4,40,"NoSig",0,989
"NRXN3",4,40,"NoSig",0,989
"NTRK2",4,40,"NoSig",0,989
"NUPR1",4,40,"NoSig",0,989
"NUSAP1",4,40,"NoSig",0,989
"OAS1",4,40,"NoSig",0,989
"OAS2",4,40,"NoSig",0,989
"OAS3",4,40,"NoSig",0,989
"OASL",4,40,"NoSig",0,989
"OLFM4",4,40,"NoSig",0,989
"OLR1",4,40,"c3",0.167032961101764,989
"OSM",4,40,"NoSig",0,989
"OSMR",4,40,"c2",0.356274389743937,989
"P2RX5",4,40,"NoSig",0,989
"PARP1",4,40,"NoSig",0,989
"PCNA",4,40,"NoSig",0,989
"PDCD1",4,40,"NoSig",0,989
"PDCD1LG2",4,40,"NoSig",0,989
"PDGFA",4,40,"NoSig",0,989
"PDGFB",4,40,"NoSig",0,989
"PDGFC",4,40,"NoSig",0,989
"PDGFD",4,40,"NoSig",0,989
"PDGFRA",4,40,"NoSig",0,989
"PDGFRB",4,40,"NoSig",0,989
"PDS5A",4,40,"NoSig",0,989
"PECAM1",4,40,"c5",1.09862299593067,989
"PF4",4,40,"NoSig",0,989
"PFN1",4,40,"NoSig",0,989
"PGF",4,40,"NoSig",0,989
"PGK1",4,40,"c2",23.4285733581581,989
"PGR",4,40,"NoSig",0,989
"PHLDA2",4,40,"NoSig",0,989
"PIGR",4,40,"NoSig",0,989
"PLAC8",4,40,"NoSig",0,989
"PLAC9",4,40,"NoSig",0,989
"PLCG1",4,40,"NoSig",0,989
"PLD3",4,40,"NoSig",0,989
"PNOC",4,40,"NoSig",0,989
"POU5F1",4,40,"c2",2.57510582703442,989
"PPARA",4,40,"NoSig",0,989
"PPARD",4,40,"NoSig",0,989
"PPARG",4,40,"NoSig",0,989
"PPIA",4,40,"NoSig",0,989
"PRF1",4,40,"NoSig",0,989
"PROX1",4,40,"NoSig",0,989
"PRSS2",4,40,"NoSig",0,989
"PRTN3",4,40,"NoSig",0,989
"PSAP",4,40,"NoSig",0,989
"PSCA",4,40,"NoSig",0,989
"PSD3",4,40,"NoSig",0,989
"PTEN",4,40,"NoSig",0,989
"PTGDR2",4,40,"NoSig",0,989
"PTGDS",4,40,"c1",0.988605835094123,989
"PTGES",4,40,"NoSig",0,989
"PTGES2",4,40,"NoSig",0,989
"PTGES3",4,40,"NoSig",0,989
"PTGIS",4,40,"NoSig",0,989
"PTGS1",4,40,"NoSig",0,989
"PTGS2",4,40,"NoSig",0,989
"PTK2",4,40,"NoSig",0,989
"PTK6",4,40,"NoSig",0,989
"PTPRC",4,40,"NoSig",0,989
"PTPRCAP",4,40,"NoSig",0,989
"PTTG1",4,40,"NoSig",0,989
"PXDN",4,40,"NoSig",0,989
"QRFPR",4,40,"NoSig",0,989
"RAC1",4,40,"NoSig",0,989
"RAC2",4,40,"NoSig",0,989
"RACK1",4,40,"NoSig",0,989
"RAG1",4,40,"NoSig",0,989
"RAMP1",4,40,"NoSig",0,989
"RAMP2",4,40,"NoSig",0,989
"RAMP3",4,40,"NoSig",0,989
"RARA",4,40,"NoSig",0,989
"RARB",4,40,"NoSig",0,989
"RARG",4,40,"NoSig",0,989
"RARRES1",4,40,"NoSig",0,989
"RARRES2",4,40,"NoSig",0,989
"RB1",4,40,"NoSig",0,989
"RBM47",4,40,"NoSig",0,989
"RBPJ",4,40,"NoSig",0,989
"REG1A",4,40,"NoSig",0,989
"RELA",4,40,"NoSig",0,989
"RELT",4,40,"NoSig",0,989
"RGCC",4,40,"NoSig",0,989
"RGS1",4,40,"c3",2.08494716852654,989
"RGS13",4,40,"NoSig",0,989
"RGS2",4,40,"NoSig",0,989
"RGS5",4,40,"c5",2.67592586043616,989
"RNF43",4,40,"NoSig",0,989
"ROR1",4,40,"NoSig",0,989
"RORA",4,40,"NoSig",0,989
"RPL21",4,40,"NoSig",0,989
"RPL22",4,40,"NoSig",0,989
"RPL32",4,40,"NoSig",0,989
"RPL34",4,40,"NoSig",0,989
"RPL37",4,40,"NoSig",0,989
"RPS4Y1",4,40,"NoSig",0,989
"RSPO3",4,40,"NoSig",0,989
"RUNX3",4,40,"NoSig",0,989
"RXRA",4,40,"NoSig",0,989
"RXRB",4,40,"NoSig",0,989
"RYK",4,40,"NoSig",0,989
"RYR2",4,40,"NoSig",0,989
"S100A10",4,40,"NoSig",0,989
"S100A2",4,40,"NoSig",0,989
"S100A4",4,40,"c3",1.7959087921651,989
"S100A6",4,40,"NoSig",0,989
"S100A8",4,40,"NoSig",0,989
"S100A9",4,40,"NoSig",0,989
"S100B",4,40,"NoSig",0,989
"S100P",4,40,"NoSig",0,989
"SAA1",4,40,"c10",53.5774157499489,989
"SAT1",4,40,"NoSig",0,989
"SCG5",4,40,"NoSig",0,989
"SCGB3A1",4,40,"NoSig",0,989
"SEC23A",4,40,"NoSig",0,989
"SEC61G",4,40,"NoSig",0,989
"SELENOP",4,40,"NoSig",0,989
"SELL",4,40,"NoSig",0,989
"SELPLG",4,40,"NoSig",0,989
"SERPINA1",4,40,"NoSig",0,989
"SERPINA3",4,40,"c2",3.57883884442183,989
"SERPINB5",4,40,"NoSig",0,989
"SERPINH1",4,40,"NoSig",0,989
"SFN",4,40,"NoSig",0,989
"SH3BGRL3",4,40,"NoSig",0,989
"SIGIRR",4,40,"NoSig",0,989
"SLA",4,40,"NoSig",0,989
"SLC2A1",4,40,"c2",1.21800316670736,989
"SLC40A1",4,40,"NoSig",0,989
"SLCO2B1",4,40,"NoSig",0,989
"SLPI",4,40,"NoSig",0,989
"SMAD2",4,40,"NoSig",0,989
"SMAD3",4,40,"NoSig",0,989
"SMAD4",4,40,"NoSig",0,989
"SMARCB1",4,40,"NoSig",0,989
"SMO",4,40,"NoSig",0,989
"SNAI1",4,40,"NoSig",0,989
"SNAI2",4,40,"NoSig",0,989
"SOD1",4,40,"NoSig",0,989
"SOD2",4,40,"NoSig",0,989
"SORBS1",4,40,"NoSig",0,989
"SOSTDC1",4,40,"NoSig",0,989
"SOX2",4,40,"NoSig",0,989
"SOX4",4,40,"c2",6.17900586178359,989
"SOX9",4,40,"c2",2.42360949772798,989
"SPARCL1",4,40,"c2",0.296759471234114,989
"SPINK1",4,40,"c1",1.13962817834538,989
"SPOCK2",4,40,"c4",0.721092934019673,989
"SPP1",4,40,"c2",9.21802398386272,989
"SPRY2",4,40,"NoSig",0,989
"SPRY4",4,40,"NoSig",0,989
"SQLE",4,40,"NoSig",0,989
"SQSTM1",4,40,"NoSig",0,989
"SRC",4,40,"NoSig",0,989
"SREBF1",4,40,"NoSig",0,989
"SRGN",4,40,"NoSig",0,989
"SRSF2",4,40,"NoSig",0,989
"SST",4,40,"NoSig",0,989
"ST6GAL1",4,40,"NoSig",0,989
"ST6GALNAC3",4,40,"NoSig",0,989
"STAT1",4,40,"NoSig",0,989
"STAT3",4,40,"NoSig",0,989
"STAT4",4,40,"NoSig",0,989
"STAT5A",4,40,"NoSig",0,989
"STAT5B",4,40,"NoSig",0,989
"STAT6",4,40,"NoSig",0,989
"STMN1",4,40,"NoSig",0,989
"SYK",4,40,"NoSig",0,989
"TACSTD2",4,40,"NoSig",0,989
"TAGLN",4,40,"c6",4.6192697798393,989
"TAP1",4,40,"NoSig",0,989
"TAP2",4,40,"NoSig",0,989
"TBX21",4,40,"NoSig",0,989
"TCAP",4,40,"NoSig",0,989
"TCF7",4,40,"NoSig",0,989
"TCL1A",4,40,"NoSig",0,989
"TEK",4,40,"NoSig",0,989
"TFEB",4,40,"NoSig",0,989
"TGFB1",4,40,"c2",0.210429559212707,989
"TGFB2",4,40,"NoSig",0,989
"TGFB3",4,40,"NoSig",0,989
"TGFBI",4,40,"NoSig",0,989
"TGFBR1",4,40,"NoSig",0,989
"TGFBR2",4,40,"NoSig",0,989
"THBS1",4,40,"c6",1.85378383781526,989
"THBS2",4,40,"c6",1.79955964620188,989
"THSD4",4,40,"NoSig",0,989
"TIE1",4,40,"NoSig",0,989
"TIGIT",4,40,"NoSig",0,989
"TIMP1",4,40,"NoSig",0,989
"TLR1",4,40,"NoSig",0,989
"TLR2",4,40,"NoSig",0,989
"TLR3",4,40,"NoSig",0,989
"TLR4",4,40,"NoSig",0,989
"TLR5",4,40,"c2",0.175916528400328,989
"TLR7",4,40,"NoSig",0,989
"TLR8",4,40,"NoSig",0,989
"TM4SF1",4,40,"NoSig",0,989
"TNF",4,40,"NoSig",0,989
"TNFAIP6",4,40,"NoSig",0,989
"TNFRSF10A",4,40,"NoSig",0,989
"TNFRSF10B",4,40,"NoSig",0,989
"TNFRSF10D",4,40,"NoSig",0,989
"TNFRSF11A",4,40,"NoSig",0,989
"TNFRSF11B",4,40,"NoSig",0,989
"TNFRSF12A",4,40,"NoSig",0,989
"TNFRSF13B",4,40,"NoSig",0,989
"TNFRSF14",4,40,"c2",1.03012788415489,989
"TNFRSF17",4,40,"NoSig",0,989
"TNFRSF18",4,40,"NoSig",0,989
"TNFRSF19",4,40,"NoSig",0,989
"TNFRSF1A",4,40,"NoSig",0,989
"TNFRSF1B",4,40,"NoSig",0,989
"TNFRSF21",4,40,"NoSig",0,989
"TNFRSF4",4,40,"NoSig",0,989
"TNFRSF9",4,40,"NoSig",0,989
"TNFSF10",4,40,"NoSig",0,989
"TNFSF12",4,40,"NoSig",0,989
"TNFSF13B",4,40,"NoSig",0,989
"TNFSF14",4,40,"NoSig",0,989
"TNFSF15",4,40,"NoSig",0,989
"TNFSF4",4,40,"NoSig",0,989
"TNFSF8",4,40,"NoSig",0,989
"TNFSF9",4,40,"NoSig",0,989
"TNNC1",4,40,"NoSig",0,989
"TNNT2",4,40,"NoSig",0,989
"TNXB",4,40,"c2",0.62980291822879,989
"TOP2A",4,40,"NoSig",0,989
"TOX",4,40,"NoSig",0,989
"TP53",4,40,"NoSig",0,989
"TPI1",4,40,"c2",3.7469827519108,989
"TPM1",4,40,"NoSig",0,989
"TPM2",4,40,"NoSig",0,989
"TPSAB1",4,40,"NoSig",0,989
"TPT1",4,40,"NoSig",0,989
"TSC22D1",4,40,"NoSig",0,989
"TSHZ2",4,40,"NoSig",0,989
"TTN",4,40,"NoSig",0,989
"TTR",4,40,"NoSig",0,989
"TUBB",4,40,"NoSig",0,989
"TUBB4B",4,40,"NoSig",0,989
"TWIST1",4,40,"NoSig",0,989
"TWIST2",4,40,"NoSig",0,989
"TXK",4,40,"NoSig",0,989
"TYK2",4,40,"NoSig",0,989
"TYMS",4,40,"NoSig",0,989
"TYROBP",4,40,"c3",1.07433148984476,989
"UBA52",4,40,"NoSig",0,989
"UBE2C",4,40,"NoSig",0,989
"UPK3A",4,40,"NoSig",0,989
"VCAM1",4,40,"NoSig",0,989
"VCAN",4,40,"c6",0.229342202167881,989
"VEGFA",4,40,"c2",13.3114307867722,989
"VEGFB",4,40,"c2",1.09006723448161,989
"VEGFC",4,40,"NoSig",0,989
"VEGFD",4,40,"NoSig",0,989
"VHL",4,40,"NoSig",0,989
"VIM",4,40,"c3",4.5936379609103,989
"VPREB3",4,40,"NoSig",0,989
"VSIR",4,40,"NoSig",0,989
"VTN",4,40,"NoSig",0,989
"VWA1",4,40,"c2",0.560698773326368,989
"VWF",4,40,"NoSig",0,989
"WIF1",4,40,"NoSig",0,989
"WNT10B",4,40,"NoSig",0,989
"WNT11",4,40,"NoSig",0,989
"WNT3",4,40,"NoSig",0,989
"WNT5A",4,40,"NoSig",0,989
"WNT5B",4,40,"NoSig",0,989
"WNT7A",4,40,"NoSig",0,989
"WNT7B",4,40,"NoSig",0,989
"WNT9A",4,40,"c2",0.199062503913566,989
"XBP1",4,40,"NoSig",0,989
"XCL1",4,40,"NoSig",0,989
"XKR4",4,40,"NoSig",0,989
"YBX3",4,40,"c2",2.27850293600861,989
"YES1",4,40,"NoSig",0,989
"ZBTB16",4,40,"NoSig",0,989
"ZFP36",4,40,"c2",1.66337534194401,989
